model,optimizer,detector_type,detector,ood_dataset,auroc,fpr95,aupr_in,run_id,raw_import_path
SGD Nesterov,sgd_nesterov,logit,energy_id_score,cifar100,0.85476227,0.4803,0.8050681249286264,20260519_1954_hypatia_cifar10_standard-wrn-28-10-dropout03_sgd-nesterov_seed0,results/raw/wrn350_seed0_eval_20260525/20260519_1954_hypatia_cifar10_standard-wrn-28-10-dropout03_sgd-nesterov_seed0
SGD Nesterov,sgd_nesterov,logit,energy_id_score,mnist,0.89139664,0.4591,0.8871561192235378,20260519_1954_hypatia_cifar10_standard-wrn-28-10-dropout03_sgd-nesterov_seed0,results/raw/wrn350_seed0_eval_20260525/20260519_1954_hypatia_cifar10_standard-wrn-28-10-dropout03_sgd-nesterov_seed0
SGD Nesterov,sgd_nesterov,logit,energy_id_score,svhn,0.9657491452827289,0.1411724031960664,0.9142492828403871,20260519_1954_hypatia_cifar10_standard-wrn-28-10-dropout03_sgd-nesterov_seed0,results/raw/wrn350_seed0_eval_20260525/20260519_1954_hypatia_cifar10_standard-wrn-28-10-dropout03_sgd-nesterov_seed0
SGD Nesterov,sgd_nesterov,logit,energy_id_score,tiny_imagenet,0.851616625,0.455,0.7951481346079825,20260519_1954_hypatia_cifar10_standard-wrn-28-10-dropout03_sgd-nesterov_seed0,results/raw/wrn350_seed0_eval_20260525/20260519_1954_hypatia_cifar10_standard-wrn-28-10-dropout03_sgd-nesterov_seed0
SGD Nesterov,sgd_nesterov,logit,maxlogit,cifar100,0.85461991,0.4859,0.8050379951130576,20260519_1954_hypatia_cifar10_standard-wrn-28-10-dropout03_sgd-nesterov_seed0,results/raw/wrn350_seed0_eval_20260525/20260519_1954_hypatia_cifar10_standard-wrn-28-10-dropout03_sgd-nesterov_seed0
SGD Nesterov,sgd_nesterov,logit,maxlogit,mnist,0.89031323,0.4726,0.8866611036915837,20260519_1954_hypatia_cifar10_standard-wrn-28-10-dropout03_sgd-nesterov_seed0,results/raw/wrn350_seed0_eval_20260525/20260519_1954_hypatia_cifar10_standard-wrn-28-10-dropout03_sgd-nesterov_seed0
SGD Nesterov,sgd_nesterov,logit,maxlogit,svhn,0.9649814459127228,0.14831745543945912,0.9135234286637941,20260519_1954_hypatia_cifar10_standard-wrn-28-10-dropout03_sgd-nesterov_seed0,results/raw/wrn350_seed0_eval_20260525/20260519_1954_hypatia_cifar10_standard-wrn-28-10-dropout03_sgd-nesterov_seed0
SGD Nesterov,sgd_nesterov,logit,maxlogit,tiny_imagenet,0.85129725,0.4633,0.7950235892664894,20260519_1954_hypatia_cifar10_standard-wrn-28-10-dropout03_sgd-nesterov_seed0,results/raw/wrn350_seed0_eval_20260525/20260519_1954_hypatia_cifar10_standard-wrn-28-10-dropout03_sgd-nesterov_seed0
SGD Nesterov,sgd_nesterov,logit,msp,cifar100,0.87150364,0.5669,0.8471007003996649,20260519_1954_hypatia_cifar10_standard-wrn-28-10-dropout03_sgd-nesterov_seed0,results/raw/wrn350_seed0_eval_20260525/20260519_1954_hypatia_cifar10_standard-wrn-28-10-dropout03_sgd-nesterov_seed0
SGD Nesterov,sgd_nesterov,logit,msp,mnist,0.872894935,0.6736,0.8840572354811391,20260519_1954_hypatia_cifar10_standard-wrn-28-10-dropout03_sgd-nesterov_seed0,results/raw/wrn350_seed0_eval_20260525/20260519_1954_hypatia_cifar10_standard-wrn-28-10-dropout03_sgd-nesterov_seed0
SGD Nesterov,sgd_nesterov,logit,msp,svhn,0.9494658900583897,0.3008220651505839,0.9076617993726787,20260519_1954_hypatia_cifar10_standard-wrn-28-10-dropout03_sgd-nesterov_seed0,results/raw/wrn350_seed0_eval_20260525/20260519_1954_hypatia_cifar10_standard-wrn-28-10-dropout03_sgd-nesterov_seed0
SGD Nesterov,sgd_nesterov,logit,msp,tiny_imagenet,0.86371738,0.5592,0.8315599965030795,20260519_1954_hypatia_cifar10_standard-wrn-28-10-dropout03_sgd-nesterov_seed0,results/raw/wrn350_seed0_eval_20260525/20260519_1954_hypatia_cifar10_standard-wrn-28-10-dropout03_sgd-nesterov_seed0
SGD Nesterov,sgd_nesterov,logit,neg_entropy,cifar100,0.872525465,0.5575,0.8430034439739742,20260519_1954_hypatia_cifar10_standard-wrn-28-10-dropout03_sgd-nesterov_seed0,results/raw/wrn350_seed0_eval_20260525/20260519_1954_hypatia_cifar10_standard-wrn-28-10-dropout03_sgd-nesterov_seed0
SGD Nesterov,sgd_nesterov,logit,neg_entropy,mnist,0.874704345,0.6603,0.8842970242938474,20260519_1954_hypatia_cifar10_standard-wrn-28-10-dropout03_sgd-nesterov_seed0,results/raw/wrn350_seed0_eval_20260525/20260519_1954_hypatia_cifar10_standard-wrn-28-10-dropout03_sgd-nesterov_seed0
SGD Nesterov,sgd_nesterov,logit,neg_entropy,svhn,0.9532258220651506,0.28345881991395205,0.9092795921965456,20260519_1954_hypatia_cifar10_standard-wrn-28-10-dropout03_sgd-nesterov_seed0,results/raw/wrn350_seed0_eval_20260525/20260519_1954_hypatia_cifar10_standard-wrn-28-10-dropout03_sgd-nesterov_seed0
SGD Nesterov,sgd_nesterov,logit,neg_entropy,tiny_imagenet,0.864949675,0.5484,0.826916850712878,20260519_1954_hypatia_cifar10_standard-wrn-28-10-dropout03_sgd-nesterov_seed0,results/raw/wrn350_seed0_eval_20260525/20260519_1954_hypatia_cifar10_standard-wrn-28-10-dropout03_sgd-nesterov_seed0
SGD Nesterov,sgd_nesterov,feature,gmm_ddu_diag,cifar100,0.90739846,0.5049,0.9136539574386447,20260519_1954_hypatia_cifar10_standard-wrn-28-10-dropout03_sgd-nesterov_seed0,results/raw/wrn350_seed0_eval_20260525/20260519_1954_hypatia_cifar10_standard-wrn-28-10-dropout03_sgd-nesterov_seed0
SGD Nesterov,sgd_nesterov,feature,gmm_ddu_diag,mnist,0.8850468,0.7662,0.915071821174131,20260519_1954_hypatia_cifar10_standard-wrn-28-10-dropout03_sgd-nesterov_seed0,results/raw/wrn350_seed0_eval_20260525/20260519_1954_hypatia_cifar10_standard-wrn-28-10-dropout03_sgd-nesterov_seed0
SGD Nesterov,sgd_nesterov,feature,gmm_ddu_diag,svhn,0.9496264309311616,0.3723878303626306,0.9335138008978615,20260519_1954_hypatia_cifar10_standard-wrn-28-10-dropout03_sgd-nesterov_seed0,results/raw/wrn350_seed0_eval_20260525/20260519_1954_hypatia_cifar10_standard-wrn-28-10-dropout03_sgd-nesterov_seed0
SGD Nesterov,sgd_nesterov,feature,gmm_ddu_diag,tiny_imagenet,0.902043555,0.483,0.8995446469705731,20260519_1954_hypatia_cifar10_standard-wrn-28-10-dropout03_sgd-nesterov_seed0,results/raw/wrn350_seed0_eval_20260525/20260519_1954_hypatia_cifar10_standard-wrn-28-10-dropout03_sgd-nesterov_seed0
SGD Nesterov,sgd_nesterov,feature,gmm_ddu_shrinkage,cifar100,0.909301465,0.4832,0.9144032147166159,20260519_1954_hypatia_cifar10_standard-wrn-28-10-dropout03_sgd-nesterov_seed0,results/raw/wrn350_seed0_eval_20260525/20260519_1954_hypatia_cifar10_standard-wrn-28-10-dropout03_sgd-nesterov_seed0
SGD Nesterov,sgd_nesterov,feature,gmm_ddu_shrinkage,mnist,0.92440056,0.5239,0.9419717226620643,20260519_1954_hypatia_cifar10_standard-wrn-28-10-dropout03_sgd-nesterov_seed0,results/raw/wrn350_seed0_eval_20260525/20260519_1954_hypatia_cifar10_standard-wrn-28-10-dropout03_sgd-nesterov_seed0
SGD Nesterov,sgd_nesterov,feature,gmm_ddu_shrinkage,svhn,0.9804223263675477,0.1205439459127228,0.964388551481348,20260519_1954_hypatia_cifar10_standard-wrn-28-10-dropout03_sgd-nesterov_seed0,results/raw/wrn350_seed0_eval_20260525/20260519_1954_hypatia_cifar10_standard-wrn-28-10-dropout03_sgd-nesterov_seed0
SGD Nesterov,sgd_nesterov,feature,gmm_ddu_shrinkage,tiny_imagenet,0.90237749,0.4745,0.9009010872531045,20260519_1954_hypatia_cifar10_standard-wrn-28-10-dropout03_sgd-nesterov_seed0,results/raw/wrn350_seed0_eval_20260525/20260519_1954_hypatia_cifar10_standard-wrn-28-10-dropout03_sgd-nesterov_seed0
SGD Nesterov,sgd_nesterov,feature,gmm_ddu_tied,cifar100,0.87224182,0.5572,0.8725380356468257,20260519_1954_hypatia_cifar10_standard-wrn-28-10-dropout03_sgd-nesterov_seed0,results/raw/wrn350_seed0_eval_20260525/20260519_1954_hypatia_cifar10_standard-wrn-28-10-dropout03_sgd-nesterov_seed0
SGD Nesterov,sgd_nesterov,feature,gmm_ddu_tied,mnist,0.956868675,0.2676,0.9646575904007524,20260519_1954_hypatia_cifar10_standard-wrn-28-10-dropout03_sgd-nesterov_seed0,results/raw/wrn350_seed0_eval_20260525/20260519_1954_hypatia_cifar10_standard-wrn-28-10-dropout03_sgd-nesterov_seed0
SGD Nesterov,sgd_nesterov,feature,gmm_ddu_tied,svhn,0.9827510621542717,0.09615089121081745,0.9621762490391461,20260519_1954_hypatia_cifar10_standard-wrn-28-10-dropout03_sgd-nesterov_seed0,results/raw/wrn350_seed0_eval_20260525/20260519_1954_hypatia_cifar10_standard-wrn-28-10-dropout03_sgd-nesterov_seed0
SGD Nesterov,sgd_nesterov,feature,gmm_ddu_tied,tiny_imagenet,0.864906955,0.5693,0.8610758338995896,20260519_1954_hypatia_cifar10_standard-wrn-28-10-dropout03_sgd-nesterov_seed0,results/raw/wrn350_seed0_eval_20260525/20260519_1954_hypatia_cifar10_standard-wrn-28-10-dropout03_sgd-nesterov_seed0
SGD Nesterov,sgd_nesterov,feature,knn,cifar100,0.90715651,0.485,0.912053323171239,20260519_1954_hypatia_cifar10_standard-wrn-28-10-dropout03_sgd-nesterov_seed0,results/raw/wrn350_seed0_eval_20260525/20260519_1954_hypatia_cifar10_standard-wrn-28-10-dropout03_sgd-nesterov_seed0
SGD Nesterov,sgd_nesterov,feature,knn,mnist,0.893795935,0.6975,0.9200117202259335,20260519_1954_hypatia_cifar10_standard-wrn-28-10-dropout03_sgd-nesterov_seed0,results/raw/wrn350_seed0_eval_20260525/20260519_1954_hypatia_cifar10_standard-wrn-28-10-dropout03_sgd-nesterov_seed0
SGD Nesterov,sgd_nesterov,feature,knn,svhn,0.9639019821757836,0.2119698832206515,0.937940083403709,20260519_1954_hypatia_cifar10_standard-wrn-28-10-dropout03_sgd-nesterov_seed0,results/raw/wrn350_seed0_eval_20260525/20260519_1954_hypatia_cifar10_standard-wrn-28-10-dropout03_sgd-nesterov_seed0
SGD Nesterov,sgd_nesterov,feature,knn,tiny_imagenet,0.90109993,0.477,0.8998886440054252,20260519_1954_hypatia_cifar10_standard-wrn-28-10-dropout03_sgd-nesterov_seed0,results/raw/wrn350_seed0_eval_20260525/20260519_1954_hypatia_cifar10_standard-wrn-28-10-dropout03_sgd-nesterov_seed0
SGD Nesterov,sgd_nesterov,feature,knn_l2,cifar100,0.906072105,0.4688,0.9044973147726447,20260519_1954_hypatia_cifar10_standard-wrn-28-10-dropout03_sgd-nesterov_seed0,results/raw/wrn350_seed0_eval_20260525/20260519_1954_hypatia_cifar10_standard-wrn-28-10-dropout03_sgd-nesterov_seed0
SGD Nesterov,sgd_nesterov,feature,knn_l2,mnist,0.91390268,0.5672,0.9338775671909272,20260519_1954_hypatia_cifar10_standard-wrn-28-10-dropout03_sgd-nesterov_seed0,results/raw/wrn350_seed0_eval_20260525/20260519_1954_hypatia_cifar10_standard-wrn-28-10-dropout03_sgd-nesterov_seed0
SGD Nesterov,sgd_nesterov,feature,knn_l2,svhn,0.9753485095267364,0.14958512599877075,0.9520811758318815,20260519_1954_hypatia_cifar10_standard-wrn-28-10-dropout03_sgd-nesterov_seed0,results/raw/wrn350_seed0_eval_20260525/20260519_1954_hypatia_cifar10_standard-wrn-28-10-dropout03_sgd-nesterov_seed0
SGD Nesterov,sgd_nesterov,feature,knn_l2,tiny_imagenet,0.899121655,0.4631,0.8923633960369631,20260519_1954_hypatia_cifar10_standard-wrn-28-10-dropout03_sgd-nesterov_seed0,results/raw/wrn350_seed0_eval_20260525/20260519_1954_hypatia_cifar10_standard-wrn-28-10-dropout03_sgd-nesterov_seed0
SGD Nesterov,sgd_nesterov,feature,mahalanobis,cifar100,0.872242515,0.5572,0.8725382263712683,20260519_1954_hypatia_cifar10_standard-wrn-28-10-dropout03_sgd-nesterov_seed0,results/raw/wrn350_seed0_eval_20260525/20260519_1954_hypatia_cifar10_standard-wrn-28-10-dropout03_sgd-nesterov_seed0
SGD Nesterov,sgd_nesterov,feature,mahalanobis,mnist,0.95686856,0.2675,0.9646575019374501,20260519_1954_hypatia_cifar10_standard-wrn-28-10-dropout03_sgd-nesterov_seed0,results/raw/wrn350_seed0_eval_20260525/20260519_1954_hypatia_cifar10_standard-wrn-28-10-dropout03_sgd-nesterov_seed0
SGD Nesterov,sgd_nesterov,feature,mahalanobis,svhn,0.9827511332206516,0.09615089121081745,0.9621763597942115,20260519_1954_hypatia_cifar10_standard-wrn-28-10-dropout03_sgd-nesterov_seed0,results/raw/wrn350_seed0_eval_20260525/20260519_1954_hypatia_cifar10_standard-wrn-28-10-dropout03_sgd-nesterov_seed0
SGD Nesterov,sgd_nesterov,feature,mahalanobis,tiny_imagenet,0.864907925,0.5692,0.8610762182398976,20260519_1954_hypatia_cifar10_standard-wrn-28-10-dropout03_sgd-nesterov_seed0,results/raw/wrn350_seed0_eval_20260525/20260519_1954_hypatia_cifar10_standard-wrn-28-10-dropout03_sgd-nesterov_seed0
SGD Nesterov,sgd_nesterov,feature,mahalanobis_l2,cifar100,0.890270165,0.4672,0.8771193899908446,20260519_1954_hypatia_cifar10_standard-wrn-28-10-dropout03_sgd-nesterov_seed0,results/raw/wrn350_seed0_eval_20260525/20260519_1954_hypatia_cifar10_standard-wrn-28-10-dropout03_sgd-nesterov_seed0
SGD Nesterov,sgd_nesterov,feature,mahalanobis_l2,mnist,0.95891706,0.2618,0.9645085460654921,20260519_1954_hypatia_cifar10_standard-wrn-28-10-dropout03_sgd-nesterov_seed0,results/raw/wrn350_seed0_eval_20260525/20260519_1954_hypatia_cifar10_standard-wrn-28-10-dropout03_sgd-nesterov_seed0
SGD Nesterov,sgd_nesterov,feature,mahalanobis_l2,svhn,0.9895675975722188,0.06100184388444991,0.9753303794262937,20260519_1954_hypatia_cifar10_standard-wrn-28-10-dropout03_sgd-nesterov_seed0,results/raw/wrn350_seed0_eval_20260525/20260519_1954_hypatia_cifar10_standard-wrn-28-10-dropout03_sgd-nesterov_seed0
SGD Nesterov,sgd_nesterov,feature,mahalanobis_l2,tiny_imagenet,0.881370445,0.4619,0.8616274354356633,20260519_1954_hypatia_cifar10_standard-wrn-28-10-dropout03_sgd-nesterov_seed0,results/raw/wrn350_seed0_eval_20260525/20260519_1954_hypatia_cifar10_standard-wrn-28-10-dropout03_sgd-nesterov_seed0
Adam matched,adam_matched,logit,energy_id_score,cifar100,0.821158855,0.7009,0.8287894005803096,20260520_2209_curie_cifar10_standard-wrn-28-10-dropout03_adam_matched_seed0,results/raw/wrn350_seed0_eval_20260525/20260520_2209_curie_cifar10_standard-wrn-28-10-dropout03_adam_matched_seed0
Adam matched,adam_matched,logit,energy_id_score,mnist,0.98677691,0.0554,0.9892754621753626,20260520_2209_curie_cifar10_standard-wrn-28-10-dropout03_adam_matched_seed0,results/raw/wrn350_seed0_eval_20260525/20260520_2209_curie_cifar10_standard-wrn-28-10-dropout03_adam_matched_seed0
Adam matched,adam_matched,logit,energy_id_score,svhn,0.9136501017977874,0.5691072526121697,0.8805308074402229,20260520_2209_curie_cifar10_standard-wrn-28-10-dropout03_adam_matched_seed0,results/raw/wrn350_seed0_eval_20260525/20260520_2209_curie_cifar10_standard-wrn-28-10-dropout03_adam_matched_seed0
Adam matched,adam_matched,logit,energy_id_score,tiny_imagenet,0.82614441,0.6768,0.833156926821024,20260520_2209_curie_cifar10_standard-wrn-28-10-dropout03_adam_matched_seed0,results/raw/wrn350_seed0_eval_20260525/20260520_2209_curie_cifar10_standard-wrn-28-10-dropout03_adam_matched_seed0
Adam matched,adam_matched,logit,maxlogit,cifar100,0.82251698,0.7038,0.8301790679398368,20260520_2209_curie_cifar10_standard-wrn-28-10-dropout03_adam_matched_seed0,results/raw/wrn350_seed0_eval_20260525/20260520_2209_curie_cifar10_standard-wrn-28-10-dropout03_adam_matched_seed0
Adam matched,adam_matched,logit,maxlogit,mnist,0.983210885,0.0838,0.9865206468607043,20260520_2209_curie_cifar10_standard-wrn-28-10-dropout03_adam_matched_seed0,results/raw/wrn350_seed0_eval_20260525/20260520_2209_curie_cifar10_standard-wrn-28-10-dropout03_adam_matched_seed0
Adam matched,adam_matched,logit,maxlogit,svhn,0.9217976528887523,0.517939459127228,0.8884309398806007,20260520_2209_curie_cifar10_standard-wrn-28-10-dropout03_adam_matched_seed0,results/raw/wrn350_seed0_eval_20260525/20260520_2209_curie_cifar10_standard-wrn-28-10-dropout03_adam_matched_seed0
Adam matched,adam_matched,logit,maxlogit,tiny_imagenet,0.826552625,0.6851,0.8338275156025236,20260520_2209_curie_cifar10_standard-wrn-28-10-dropout03_adam_matched_seed0,results/raw/wrn350_seed0_eval_20260525/20260520_2209_curie_cifar10_standard-wrn-28-10-dropout03_adam_matched_seed0
Adam matched,adam_matched,logit,msp,cifar100,0.798295205,0.782,0.8226300900922556,20260520_2209_curie_cifar10_standard-wrn-28-10-dropout03_adam_matched_seed0,results/raw/wrn350_seed0_eval_20260525/20260520_2209_curie_cifar10_standard-wrn-28-10-dropout03_adam_matched_seed0
Adam matched,adam_matched,logit,msp,mnist,0.92306719,0.4614,0.9381207437745973,20260520_2209_curie_cifar10_standard-wrn-28-10-dropout03_adam_matched_seed0,results/raw/wrn350_seed0_eval_20260525/20260520_2209_curie_cifar10_standard-wrn-28-10-dropout03_adam_matched_seed0
Adam matched,adam_matched,logit,msp,svhn,0.9156001478948986,0.5495543945912723,0.8785655161851672,20260520_2209_curie_cifar10_standard-wrn-28-10-dropout03_adam_matched_seed0,results/raw/wrn350_seed0_eval_20260525/20260520_2209_curie_cifar10_standard-wrn-28-10-dropout03_adam_matched_seed0
Adam matched,adam_matched,logit,msp,tiny_imagenet,0.79312379,0.7754,0.8125340806243936,20260520_2209_curie_cifar10_standard-wrn-28-10-dropout03_adam_matched_seed0,results/raw/wrn350_seed0_eval_20260525/20260520_2209_curie_cifar10_standard-wrn-28-10-dropout03_adam_matched_seed0
Adam matched,adam_matched,logit,neg_entropy,cifar100,0.810151605,0.7365,0.828671601336159,20260520_2209_curie_cifar10_standard-wrn-28-10-dropout03_adam_matched_seed0,results/raw/wrn350_seed0_eval_20260525/20260520_2209_curie_cifar10_standard-wrn-28-10-dropout03_adam_matched_seed0
Adam matched,adam_matched,logit,neg_entropy,mnist,0.95512102,0.2527,0.9602609367281665,20260520_2209_curie_cifar10_standard-wrn-28-10-dropout03_adam_matched_seed0,results/raw/wrn350_seed0_eval_20260525/20260520_2209_curie_cifar10_standard-wrn-28-10-dropout03_adam_matched_seed0
Adam matched,adam_matched,logit,neg_entropy,svhn,0.9289248367393976,0.46262292562999385,0.8920261549617265,20260520_2209_curie_cifar10_standard-wrn-28-10-dropout03_adam_matched_seed0,results/raw/wrn350_seed0_eval_20260525/20260520_2209_curie_cifar10_standard-wrn-28-10-dropout03_adam_matched_seed0
Adam matched,adam_matched,logit,neg_entropy,tiny_imagenet,0.8055577,0.7237,0.818727946221691,20260520_2209_curie_cifar10_standard-wrn-28-10-dropout03_adam_matched_seed0,results/raw/wrn350_seed0_eval_20260525/20260520_2209_curie_cifar10_standard-wrn-28-10-dropout03_adam_matched_seed0
Adam matched,adam_matched,feature,gmm_ddu_diag,cifar100,0.628212455,0.8888,0.6326061321365772,20260520_2209_curie_cifar10_standard-wrn-28-10-dropout03_adam_matched_seed0,results/raw/wrn350_seed0_eval_20260525/20260520_2209_curie_cifar10_standard-wrn-28-10-dropout03_adam_matched_seed0
Adam matched,adam_matched,feature,gmm_ddu_diag,mnist,0.735531505,0.9807,0.8109548936213263,20260520_2209_curie_cifar10_standard-wrn-28-10-dropout03_adam_matched_seed0,results/raw/wrn350_seed0_eval_20260525/20260520_2209_curie_cifar10_standard-wrn-28-10-dropout03_adam_matched_seed0
Adam matched,adam_matched,feature,gmm_ddu_diag,svhn,0.8434595113706208,0.9613552550706822,0.8001669848651923,20260520_2209_curie_cifar10_standard-wrn-28-10-dropout03_adam_matched_seed0,results/raw/wrn350_seed0_eval_20260525/20260520_2209_curie_cifar10_standard-wrn-28-10-dropout03_adam_matched_seed0
Adam matched,adam_matched,feature,gmm_ddu_diag,tiny_imagenet,0.61766933,0.9105,0.6181565499845476,20260520_2209_curie_cifar10_standard-wrn-28-10-dropout03_adam_matched_seed0,results/raw/wrn350_seed0_eval_20260525/20260520_2209_curie_cifar10_standard-wrn-28-10-dropout03_adam_matched_seed0
Adam matched,adam_matched,feature,gmm_ddu_shrinkage,cifar100,0.62540782,0.8652,0.6171503485161147,20260520_2209_curie_cifar10_standard-wrn-28-10-dropout03_adam_matched_seed0,results/raw/wrn350_seed0_eval_20260525/20260520_2209_curie_cifar10_standard-wrn-28-10-dropout03_adam_matched_seed0
Adam matched,adam_matched,feature,gmm_ddu_shrinkage,mnist,0.756170685,0.9232,0.8136127946668561,20260520_2209_curie_cifar10_standard-wrn-28-10-dropout03_adam_matched_seed0,results/raw/wrn350_seed0_eval_20260525/20260520_2209_curie_cifar10_standard-wrn-28-10-dropout03_adam_matched_seed0
Adam matched,adam_matched,feature,gmm_ddu_shrinkage,svhn,0.8007481465119852,0.8234480639213276,0.6935435021968938,20260520_2209_curie_cifar10_standard-wrn-28-10-dropout03_adam_matched_seed0,results/raw/wrn350_seed0_eval_20260525/20260520_2209_curie_cifar10_standard-wrn-28-10-dropout03_adam_matched_seed0
Adam matched,adam_matched,feature,gmm_ddu_shrinkage,tiny_imagenet,0.60237466,0.9021,0.6016999164437631,20260520_2209_curie_cifar10_standard-wrn-28-10-dropout03_adam_matched_seed0,results/raw/wrn350_seed0_eval_20260525/20260520_2209_curie_cifar10_standard-wrn-28-10-dropout03_adam_matched_seed0
Adam matched,adam_matched,feature,gmm_ddu_tied,cifar100,0.56760975,0.9313,0.5791053058511858,20260520_2209_curie_cifar10_standard-wrn-28-10-dropout03_adam_matched_seed0,results/raw/wrn350_seed0_eval_20260525/20260520_2209_curie_cifar10_standard-wrn-28-10-dropout03_adam_matched_seed0
Adam matched,adam_matched,feature,gmm_ddu_tied,mnist,0.73865444,0.9822,0.8113389488160837,20260520_2209_curie_cifar10_standard-wrn-28-10-dropout03_adam_matched_seed0,results/raw/wrn350_seed0_eval_20260525/20260520_2209_curie_cifar10_standard-wrn-28-10-dropout03_adam_matched_seed0
Adam matched,adam_matched,feature,gmm_ddu_tied,svhn,0.8459915200522434,0.7150814382298709,0.7382170443485088,20260520_2209_curie_cifar10_standard-wrn-28-10-dropout03_adam_matched_seed0,results/raw/wrn350_seed0_eval_20260525/20260520_2209_curie_cifar10_standard-wrn-28-10-dropout03_adam_matched_seed0
Adam matched,adam_matched,feature,gmm_ddu_tied,tiny_imagenet,0.54657655,0.9489,0.5601156096835986,20260520_2209_curie_cifar10_standard-wrn-28-10-dropout03_adam_matched_seed0,results/raw/wrn350_seed0_eval_20260525/20260520_2209_curie_cifar10_standard-wrn-28-10-dropout03_adam_matched_seed0
Adam matched,adam_matched,feature,knn,cifar100,0.551333185,0.9181,0.5557712955012053,20260520_2209_curie_cifar10_standard-wrn-28-10-dropout03_adam_matched_seed0,results/raw/wrn350_seed0_eval_20260525/20260520_2209_curie_cifar10_standard-wrn-28-10-dropout03_adam_matched_seed0
Adam matched,adam_matched,feature,knn,mnist,0.66003052,0.995,0.7671561053532032,20260520_2209_curie_cifar10_standard-wrn-28-10-dropout03_adam_matched_seed0,results/raw/wrn350_seed0_eval_20260525/20260520_2209_curie_cifar10_standard-wrn-28-10-dropout03_adam_matched_seed0
Adam matched,adam_matched,feature,knn,svhn,0.6851125710663798,0.9806007990165949,0.5695316207880086,20260520_2209_curie_cifar10_standard-wrn-28-10-dropout03_adam_matched_seed0,results/raw/wrn350_seed0_eval_20260525/20260520_2209_curie_cifar10_standard-wrn-28-10-dropout03_adam_matched_seed0
Adam matched,adam_matched,feature,knn,tiny_imagenet,0.527533245,0.9413,0.5417692410152044,20260520_2209_curie_cifar10_standard-wrn-28-10-dropout03_adam_matched_seed0,results/raw/wrn350_seed0_eval_20260525/20260520_2209_curie_cifar10_standard-wrn-28-10-dropout03_adam_matched_seed0
Adam matched,adam_matched,feature,knn_l2,cifar100,0.77667709,0.7231,0.7748982114653322,20260520_2209_curie_cifar10_standard-wrn-28-10-dropout03_adam_matched_seed0,results/raw/wrn350_seed0_eval_20260525/20260520_2209_curie_cifar10_standard-wrn-28-10-dropout03_adam_matched_seed0
Adam matched,adam_matched,feature,knn_l2,mnist,0.99617115,0.013,0.9966909655505289,20260520_2209_curie_cifar10_standard-wrn-28-10-dropout03_adam_matched_seed0,results/raw/wrn350_seed0_eval_20260525/20260520_2209_curie_cifar10_standard-wrn-28-10-dropout03_adam_matched_seed0
Adam matched,adam_matched,feature,knn_l2,svhn,0.9637576175476337,0.17904886293792255,0.9213124785450617,20260520_2209_curie_cifar10_standard-wrn-28-10-dropout03_adam_matched_seed0,results/raw/wrn350_seed0_eval_20260525/20260520_2209_curie_cifar10_standard-wrn-28-10-dropout03_adam_matched_seed0
Adam matched,adam_matched,feature,knn_l2,tiny_imagenet,0.774081025,0.7489,0.7797465507818031,20260520_2209_curie_cifar10_standard-wrn-28-10-dropout03_adam_matched_seed0,results/raw/wrn350_seed0_eval_20260525/20260520_2209_curie_cifar10_standard-wrn-28-10-dropout03_adam_matched_seed0
Adam matched,adam_matched,feature,mahalanobis,cifar100,0.57455778,0.9295,0.5860753184669314,20260520_2209_curie_cifar10_standard-wrn-28-10-dropout03_adam_matched_seed0,results/raw/wrn350_seed0_eval_20260525/20260520_2209_curie_cifar10_standard-wrn-28-10-dropout03_adam_matched_seed0
Adam matched,adam_matched,feature,mahalanobis,mnist,0.747447845,0.9795,0.8163235901610235,20260520_2209_curie_cifar10_standard-wrn-28-10-dropout03_adam_matched_seed0,results/raw/wrn350_seed0_eval_20260525/20260520_2209_curie_cifar10_standard-wrn-28-10-dropout03_adam_matched_seed0
Adam matched,adam_matched,feature,mahalanobis,svhn,0.8511077347111248,0.701521204671174,0.7465364134901988,20260520_2209_curie_cifar10_standard-wrn-28-10-dropout03_adam_matched_seed0,results/raw/wrn350_seed0_eval_20260525/20260520_2209_curie_cifar10_standard-wrn-28-10-dropout03_adam_matched_seed0
Adam matched,adam_matched,feature,mahalanobis,tiny_imagenet,0.554063995,0.9472,0.5673186404093099,20260520_2209_curie_cifar10_standard-wrn-28-10-dropout03_adam_matched_seed0,results/raw/wrn350_seed0_eval_20260525/20260520_2209_curie_cifar10_standard-wrn-28-10-dropout03_adam_matched_seed0
Adam matched,adam_matched,feature,mahalanobis_l2,cifar100,0.75846071,0.7517,0.758091516491798,20260520_2209_curie_cifar10_standard-wrn-28-10-dropout03_adam_matched_seed0,results/raw/wrn350_seed0_eval_20260525/20260520_2209_curie_cifar10_standard-wrn-28-10-dropout03_adam_matched_seed0
Adam matched,adam_matched,feature,mahalanobis_l2,mnist,0.99739351,0.0029,0.9978939546503452,20260520_2209_curie_cifar10_standard-wrn-28-10-dropout03_adam_matched_seed0,results/raw/wrn350_seed0_eval_20260525/20260520_2209_curie_cifar10_standard-wrn-28-10-dropout03_adam_matched_seed0
Adam matched,adam_matched,feature,mahalanobis_l2,svhn,0.9788105639213276,0.10752151198524892,0.9529276174432619,20260520_2209_curie_cifar10_standard-wrn-28-10-dropout03_adam_matched_seed0,results/raw/wrn350_seed0_eval_20260525/20260520_2209_curie_cifar10_standard-wrn-28-10-dropout03_adam_matched_seed0
Adam matched,adam_matched,feature,mahalanobis_l2,tiny_imagenet,0.755312335,0.7652,0.761090792916677,20260520_2209_curie_cifar10_standard-wrn-28-10-dropout03_adam_matched_seed0,results/raw/wrn350_seed0_eval_20260525/20260520_2209_curie_cifar10_standard-wrn-28-10-dropout03_adam_matched_seed0
AdamW matched,adamw_matched,logit,energy_id_score,cifar100,0.90106578,0.5341,0.9108963891699562,20260521_1104_curie_cifar10_standard-wrn-28-10-dropout03_adamw_matched_seed0,results/raw/wrn350_seed0_eval_20260525/20260521_1104_curie_cifar10_standard-wrn-28-10-dropout03_adamw_matched_seed0
AdamW matched,adamw_matched,logit,energy_id_score,mnist,0.926122985,0.6244,0.9511577005148917,20260521_1104_curie_cifar10_standard-wrn-28-10-dropout03_adamw_matched_seed0,results/raw/wrn350_seed0_eval_20260525/20260521_1104_curie_cifar10_standard-wrn-28-10-dropout03_adamw_matched_seed0
AdamW matched,adamw_matched,logit,energy_id_score,svhn,0.8485750230485556,0.9056929932390904,0.8277121453799714,20260521_1104_curie_cifar10_standard-wrn-28-10-dropout03_adamw_matched_seed0,results/raw/wrn350_seed0_eval_20260525/20260521_1104_curie_cifar10_standard-wrn-28-10-dropout03_adamw_matched_seed0
AdamW matched,adamw_matched,logit,energy_id_score,tiny_imagenet,0.89886531,0.5043,0.9019686894819323,20260521_1104_curie_cifar10_standard-wrn-28-10-dropout03_adamw_matched_seed0,results/raw/wrn350_seed0_eval_20260525/20260521_1104_curie_cifar10_standard-wrn-28-10-dropout03_adamw_matched_seed0
AdamW matched,adamw_matched,logit,maxlogit,cifar100,0.90108163,0.5323,0.9109034006535177,20260521_1104_curie_cifar10_standard-wrn-28-10-dropout03_adamw_matched_seed0,results/raw/wrn350_seed0_eval_20260525/20260521_1104_curie_cifar10_standard-wrn-28-10-dropout03_adamw_matched_seed0
AdamW matched,adamw_matched,logit,maxlogit,mnist,0.92689264,0.6116,0.9514638456835643,20260521_1104_curie_cifar10_standard-wrn-28-10-dropout03_adamw_matched_seed0,results/raw/wrn350_seed0_eval_20260525/20260521_1104_curie_cifar10_standard-wrn-28-10-dropout03_adamw_matched_seed0
AdamW matched,adamw_matched,logit,maxlogit,svhn,0.849407967117394,0.9011985248924401,0.8280413558438916,20260521_1104_curie_cifar10_standard-wrn-28-10-dropout03_adamw_matched_seed0,results/raw/wrn350_seed0_eval_20260525/20260521_1104_curie_cifar10_standard-wrn-28-10-dropout03_adamw_matched_seed0
AdamW matched,adamw_matched,logit,maxlogit,tiny_imagenet,0.89885626,0.5022,0.9019600171769556,20260521_1104_curie_cifar10_standard-wrn-28-10-dropout03_adamw_matched_seed0,results/raw/wrn350_seed0_eval_20260525/20260521_1104_curie_cifar10_standard-wrn-28-10-dropout03_adamw_matched_seed0
AdamW matched,adamw_matched,logit,msp,cifar100,0.84180433,0.6358,0.9399862891431411,20260521_1104_curie_cifar10_standard-wrn-28-10-dropout03_adamw_matched_seed0,results/raw/wrn350_seed0_eval_20260525/20260521_1104_curie_cifar10_standard-wrn-28-10-dropout03_adamw_matched_seed0
AdamW matched,adamw_matched,logit,msp,mnist,0.94004945,0.3926,0.9647971057307061,20260521_1104_curie_cifar10_standard-wrn-28-10-dropout03_adamw_matched_seed0,results/raw/wrn350_seed0_eval_20260525/20260521_1104_curie_cifar10_standard-wrn-28-10-dropout03_adamw_matched_seed0
AdamW matched,adamw_matched,logit,msp,svhn,0.9131737515365703,0.5624615857406269,0.9196114794377448,20260521_1104_curie_cifar10_standard-wrn-28-10-dropout03_adamw_matched_seed0,results/raw/wrn350_seed0_eval_20260525/20260521_1104_curie_cifar10_standard-wrn-28-10-dropout03_adamw_matched_seed0
AdamW matched,adamw_matched,logit,msp,tiny_imagenet,0.839988315,0.6308,0.9401961292833844,20260521_1104_curie_cifar10_standard-wrn-28-10-dropout03_adamw_matched_seed0,results/raw/wrn350_seed0_eval_20260525/20260521_1104_curie_cifar10_standard-wrn-28-10-dropout03_adamw_matched_seed0
AdamW matched,adamw_matched,logit,neg_entropy,cifar100,0.889745445,0.6342,0.9066833342922243,20260521_1104_curie_cifar10_standard-wrn-28-10-dropout03_adamw_matched_seed0,results/raw/wrn350_seed0_eval_20260525/20260521_1104_curie_cifar10_standard-wrn-28-10-dropout03_adamw_matched_seed0
AdamW matched,adamw_matched,logit,neg_entropy,mnist,0.949752975,0.3851,0.9633114457645895,20260521_1104_curie_cifar10_standard-wrn-28-10-dropout03_adamw_matched_seed0,results/raw/wrn350_seed0_eval_20260525/20260521_1104_curie_cifar10_standard-wrn-28-10-dropout03_adamw_matched_seed0
AdamW matched,adamw_matched,logit,neg_entropy,svhn,0.929092034803319,0.5583128457283344,0.9097230868981906,20260521_1104_curie_cifar10_standard-wrn-28-10-dropout03_adamw_matched_seed0,results/raw/wrn350_seed0_eval_20260525/20260521_1104_curie_cifar10_standard-wrn-28-10-dropout03_adamw_matched_seed0
AdamW matched,adamw_matched,logit,neg_entropy,tiny_imagenet,0.884398405,0.6282,0.8951773156270655,20260521_1104_curie_cifar10_standard-wrn-28-10-dropout03_adamw_matched_seed0,results/raw/wrn350_seed0_eval_20260525/20260521_1104_curie_cifar10_standard-wrn-28-10-dropout03_adamw_matched_seed0
AdamW matched,adamw_matched,feature,gmm_ddu_diag,cifar100,0.79074487,0.776,0.7975001766218609,20260521_1104_curie_cifar10_standard-wrn-28-10-dropout03_adamw_matched_seed0,results/raw/wrn350_seed0_eval_20260525/20260521_1104_curie_cifar10_standard-wrn-28-10-dropout03_adamw_matched_seed0
AdamW matched,adamw_matched,feature,gmm_ddu_diag,mnist,0.68089308,0.9927,0.774722276452629,20260521_1104_curie_cifar10_standard-wrn-28-10-dropout03_adamw_matched_seed0,results/raw/wrn350_seed0_eval_20260525/20260521_1104_curie_cifar10_standard-wrn-28-10-dropout03_adamw_matched_seed0
AdamW matched,adamw_matched,feature,gmm_ddu_diag,svhn,0.8928130089889367,0.5650737553779963,0.8280614232655744,20260521_1104_curie_cifar10_standard-wrn-28-10-dropout03_adamw_matched_seed0,results/raw/wrn350_seed0_eval_20260525/20260521_1104_curie_cifar10_standard-wrn-28-10-dropout03_adamw_matched_seed0
AdamW matched,adamw_matched,feature,gmm_ddu_diag,tiny_imagenet,0.755484245,0.8344,0.759679945165316,20260521_1104_curie_cifar10_standard-wrn-28-10-dropout03_adamw_matched_seed0,results/raw/wrn350_seed0_eval_20260525/20260521_1104_curie_cifar10_standard-wrn-28-10-dropout03_adamw_matched_seed0
AdamW matched,adamw_matched,feature,gmm_ddu_shrinkage,cifar100,0.80621168,0.7175,0.8043282972972314,20260521_1104_curie_cifar10_standard-wrn-28-10-dropout03_adamw_matched_seed0,results/raw/wrn350_seed0_eval_20260525/20260521_1104_curie_cifar10_standard-wrn-28-10-dropout03_adamw_matched_seed0
AdamW matched,adamw_matched,feature,gmm_ddu_shrinkage,mnist,0.63921089,0.9449,0.6650814327243322,20260521_1104_curie_cifar10_standard-wrn-28-10-dropout03_adamw_matched_seed0,results/raw/wrn350_seed0_eval_20260525/20260521_1104_curie_cifar10_standard-wrn-28-10-dropout03_adamw_matched_seed0
AdamW matched,adamw_matched,feature,gmm_ddu_shrinkage,svhn,0.9263537127381684,0.35429471419791025,0.8503408514110863,20260521_1104_curie_cifar10_standard-wrn-28-10-dropout03_adamw_matched_seed0,results/raw/wrn350_seed0_eval_20260525/20260521_1104_curie_cifar10_standard-wrn-28-10-dropout03_adamw_matched_seed0
AdamW matched,adamw_matched,feature,gmm_ddu_shrinkage,tiny_imagenet,0.762790415,0.7886,0.7577387621585098,20260521_1104_curie_cifar10_standard-wrn-28-10-dropout03_adamw_matched_seed0,results/raw/wrn350_seed0_eval_20260525/20260521_1104_curie_cifar10_standard-wrn-28-10-dropout03_adamw_matched_seed0
AdamW matched,adamw_matched,feature,gmm_ddu_tied,cifar100,0.452980145,0.9539,0.4709043249896472,20260521_1104_curie_cifar10_standard-wrn-28-10-dropout03_adamw_matched_seed0,results/raw/wrn350_seed0_eval_20260525/20260521_1104_curie_cifar10_standard-wrn-28-10-dropout03_adamw_matched_seed0
AdamW matched,adamw_matched,feature,gmm_ddu_tied,mnist,0.39286872,0.9857,0.4191986444568434,20260521_1104_curie_cifar10_standard-wrn-28-10-dropout03_adamw_matched_seed0,results/raw/wrn350_seed0_eval_20260525/20260521_1104_curie_cifar10_standard-wrn-28-10-dropout03_adamw_matched_seed0
AdamW matched,adamw_matched,feature,gmm_ddu_tied,svhn,0.8787733942839582,0.3629763368162262,0.687834092251601,20260521_1104_curie_cifar10_standard-wrn-28-10-dropout03_adamw_matched_seed0,results/raw/wrn350_seed0_eval_20260525/20260521_1104_curie_cifar10_standard-wrn-28-10-dropout03_adamw_matched_seed0
AdamW matched,adamw_matched,feature,gmm_ddu_tied,tiny_imagenet,0.39864973,0.9673,0.4292285780185481,20260521_1104_curie_cifar10_standard-wrn-28-10-dropout03_adamw_matched_seed0,results/raw/wrn350_seed0_eval_20260525/20260521_1104_curie_cifar10_standard-wrn-28-10-dropout03_adamw_matched_seed0
AdamW matched,adamw_matched,feature,knn,cifar100,0.602412895,0.9397,0.6259786685856518,20260521_1104_curie_cifar10_standard-wrn-28-10-dropout03_adamw_matched_seed0,results/raw/wrn350_seed0_eval_20260525/20260521_1104_curie_cifar10_standard-wrn-28-10-dropout03_adamw_matched_seed0
AdamW matched,adamw_matched,feature,knn,mnist,0.60793228,0.9959,0.7125849789871039,20260521_1104_curie_cifar10_standard-wrn-28-10-dropout03_adamw_matched_seed0,results/raw/wrn350_seed0_eval_20260525/20260521_1104_curie_cifar10_standard-wrn-28-10-dropout03_adamw_matched_seed0
AdamW matched,adamw_matched,feature,knn,svhn,0.9134598302089736,0.36639520590043023,0.8221418444009231,20260521_1104_curie_cifar10_standard-wrn-28-10-dropout03_adamw_matched_seed0,results/raw/wrn350_seed0_eval_20260525/20260521_1104_curie_cifar10_standard-wrn-28-10-dropout03_adamw_matched_seed0
AdamW matched,adamw_matched,feature,knn,tiny_imagenet,0.55734249,0.9572,0.5837092480574447,20260521_1104_curie_cifar10_standard-wrn-28-10-dropout03_adamw_matched_seed0,results/raw/wrn350_seed0_eval_20260525/20260521_1104_curie_cifar10_standard-wrn-28-10-dropout03_adamw_matched_seed0
AdamW matched,adamw_matched,feature,knn_l2,cifar100,0.890354895,0.4967,0.8893502893378263,20260521_1104_curie_cifar10_standard-wrn-28-10-dropout03_adamw_matched_seed0,results/raw/wrn350_seed0_eval_20260525/20260521_1104_curie_cifar10_standard-wrn-28-10-dropout03_adamw_matched_seed0
AdamW matched,adamw_matched,feature,knn_l2,mnist,0.99804474,0.0038,0.9982869065181023,20260521_1104_curie_cifar10_standard-wrn-28-10-dropout03_adamw_matched_seed0,results/raw/wrn350_seed0_eval_20260525/20260521_1104_curie_cifar10_standard-wrn-28-10-dropout03_adamw_matched_seed0
AdamW matched,adamw_matched,feature,knn_l2,svhn,0.993102817685925,0.03499539028887523,0.9847665148193956,20260521_1104_curie_cifar10_standard-wrn-28-10-dropout03_adamw_matched_seed0,results/raw/wrn350_seed0_eval_20260525/20260521_1104_curie_cifar10_standard-wrn-28-10-dropout03_adamw_matched_seed0
AdamW matched,adamw_matched,feature,knn_l2,tiny_imagenet,0.88280018,0.4984,0.8806624073423216,20260521_1104_curie_cifar10_standard-wrn-28-10-dropout03_adamw_matched_seed0,results/raw/wrn350_seed0_eval_20260525/20260521_1104_curie_cifar10_standard-wrn-28-10-dropout03_adamw_matched_seed0
AdamW matched,adamw_matched,feature,mahalanobis,cifar100,0.453330845,0.9536,0.4712376708236449,20260521_1104_curie_cifar10_standard-wrn-28-10-dropout03_adamw_matched_seed0,results/raw/wrn350_seed0_eval_20260525/20260521_1104_curie_cifar10_standard-wrn-28-10-dropout03_adamw_matched_seed0
AdamW matched,adamw_matched,feature,mahalanobis,mnist,0.39319883,0.9857,0.41939683397959215,20260521_1104_curie_cifar10_standard-wrn-28-10-dropout03_adamw_matched_seed0,results/raw/wrn350_seed0_eval_20260525/20260521_1104_curie_cifar10_standard-wrn-28-10-dropout03_adamw_matched_seed0
AdamW matched,adamw_matched,feature,mahalanobis,svhn,0.8788873405808236,0.36278426551936077,0.6882181516148267,20260521_1104_curie_cifar10_standard-wrn-28-10-dropout03_adamw_matched_seed0,results/raw/wrn350_seed0_eval_20260525/20260521_1104_curie_cifar10_standard-wrn-28-10-dropout03_adamw_matched_seed0
AdamW matched,adamw_matched,feature,mahalanobis,tiny_imagenet,0.39902932,0.9672,0.42952043680131907,20260521_1104_curie_cifar10_standard-wrn-28-10-dropout03_adamw_matched_seed0,results/raw/wrn350_seed0_eval_20260525/20260521_1104_curie_cifar10_standard-wrn-28-10-dropout03_adamw_matched_seed0
AdamW matched,adamw_matched,feature,mahalanobis_l2,cifar100,0.85296334,0.6034,0.8520788553635448,20260521_1104_curie_cifar10_standard-wrn-28-10-dropout03_adamw_matched_seed0,results/raw/wrn350_seed0_eval_20260525/20260521_1104_curie_cifar10_standard-wrn-28-10-dropout03_adamw_matched_seed0
AdamW matched,adamw_matched,feature,mahalanobis_l2,mnist,0.99888833,0.0,0.9990897021468582,20260521_1104_curie_cifar10_standard-wrn-28-10-dropout03_adamw_matched_seed0,results/raw/wrn350_seed0_eval_20260525/20260521_1104_curie_cifar10_standard-wrn-28-10-dropout03_adamw_matched_seed0
AdamW matched,adamw_matched,feature,mahalanobis_l2,svhn,0.9909232406269207,0.048709280885064536,0.9792876739832806,20260521_1104_curie_cifar10_standard-wrn-28-10-dropout03_adamw_matched_seed0,results/raw/wrn350_seed0_eval_20260525/20260521_1104_curie_cifar10_standard-wrn-28-10-dropout03_adamw_matched_seed0
AdamW matched,adamw_matched,feature,mahalanobis_l2,tiny_imagenet,0.85208427,0.6021,0.8515787940210634,20260521_1104_curie_cifar10_standard-wrn-28-10-dropout03_adamw_matched_seed0,results/raw/wrn350_seed0_eval_20260525/20260521_1104_curie_cifar10_standard-wrn-28-10-dropout03_adamw_matched_seed0
